<?xml version="1.0" encoding="UTF-8"?>
<project-private xmlns="http://www.netbeans.org/ns/project-private/1">
    <editor-bookmarks xmlns="http://www.netbeans.org/ns/editor-bookmarks/2" lastBookmarkId="0"/>
    <open-files xmlns="http://www.netbeans.org/ns/projectui-open-files/2">
        <group>
            <file>file:/C:/Users/User/Documents/NetBeansProjects/JavaStdApp/src/MainForm.java</file>
            <file>file:/C:/Users/User/Documents/NetBeansProjects/JavaStdApp/src/Nurse.java</file>
            <file>file:/C:/Users/User/Documents/NetBeansProjects/JavaStdApp/src/uwchtun.java</file>
            <file>file:/C:/Users/User/Documents/NetBeansProjects/JavaStdApp/src/MyFunction.java</file>
            <file>file:/C:/Users/User/Documents/NetBeansProjects/JavaStdApp/src/Treatment.java</file>
            <file>file:/C:/Users/User/Documents/NetBeansProjects/JavaStdApp/src/Users.java</file>
            <file>file:/C:/Users/User/Documents/NetBeansProjects/JavaStdApp/src/UForm.java</file>
            <file>file:/C:/Users/User/Documents/NetBeansProjects/JavaStdApp/src/MyConnection.java</file>
        </group>
    </open-files>
</project-private>
